{
  "Negative": {
    "precision": 0.903485254691689,
    "recall": 0.8938992042440318,
    "f1-score": 0.8986666666666666,
    "support": 377.0
  },
  "Neutral": {
    "precision": 0.9669117647058824,
    "recall": 0.942652329749104,
    "f1-score": 0.9546279491833031,
    "support": 279.0
  },
  "Positive": {
    "precision": 0.8704225352112676,
    "recall": 0.8982558139534884,
    "f1-score": 0.8841201716738197,
    "support": 344.0
  },
  "accuracy": 0.909,
  "macro avg": {
    "precision": 0.9136065182029464,
    "recall": 0.9116024493155415,
    "f1-score": 0.9124715958412631,
    "support": 1000.0
  },
  "weighted avg": {
    "precision": 0.9098076754843839,
    "recall": 0.909,
    "f1-score": 0.9092758702112689,
    "support": 1000.0
  }
}